source_row,level,combination,count,summary_level,summary_count
2,simple,term,27,Simple,1887
3,simple,terms,21,Medium,1737
4,simple,ids,3,Hard,2779
5,simple,term + term,24,,
6,simple,term + terms,20,,
7,simple,term + ids,13,,
8,simple,terms + terms,17,,
9,simple,ids+ids,0,,
10,simple,terms + ids,0,,
11,simple,term + term + term,26,,
12,simple,term + term + terms,29,,
13,simple,term + term + ids,30,,
14,simple,term + terms + terms,30,,
15,simple,term + terms + ids,30,,
16,simple,term + ids + ids,30,,
17,simple,terms + terms + terms,24,,
18,simple,terms + terms + ids,28,,
19,simple,terms + ids + ids,28,,
20,simple,ids + ids + ids,1,,
21,simple,term + term + term + term,29,,
22,simple,term + term + term + terms,27,,
23,simple,term + term + term + ids,30,,
24,simple,term + term + terms + terms,28,,
25,simple,term + term + terms + ids,28,,
26,simple,term + term + ids + ids,28,,
27,simple,term + terms + terms + terms,30,,
28,simple,term + terms + terms + ids,28,,
29,simple,term + terms + ids + ids,30,,
30,simple,term + ids + ids + ids,26,,
31,simple,terms + terms + terms + terms,27,,
32,simple,terms + terms + terms + ids,28,,
33,simple,terms + terms + ids + ids,28,,
34,simple,terms + ids + ids + ids,30,,
35,simple,ids + ids + ids + ids,1,,
36,simple,term + term + term + term + term,28,,
37,simple,term + term + term + term + terms,30,,
38,simple,term + term + term + term + ids,0,,
39,simple,term + term + term + terms + terms,30,,
40,simple,term + term + term + terms + ids,0,,
41,simple,term + term + term + ids + ids,0,,
42,simple,term + term + terms + terms + terms,30,,
43,simple,term + term + terms + terms + ids,0,,
44,simple,term + term + terms + ids + ids,0,,
45,simple,term + term + ids + ids + ids,0,,
46,simple,term + terms + terms + terms + terms,30,,
47,simple,term + terms + terms + terms + ids,1,,
48,simple,term + terms + terms + ids + ids,1,,
49,simple,term + terms + ids + ids + ids,1,,
50,simple,term + ids + ids + ids + ids,1,,
51,simple,terms + terms + terms + terms + terms,30,,
52,simple,terms + terms + terms + terms + ids,0,,
53,simple,terms + terms + terms + ids + ids,0,,
54,simple,terms + terms + ids + ids + ids,0,,
55,simple,terms + ids + ids + ids + ids,0,,
56,simple,ids + ids + ids + ids + ids,2,,
57,simple,any 2-clause bool.filter,28,,
58,simple,any 3-clause bool.filter,29,,
59,simple,any 4-clause bool.filter,29,,
60,simple,any 5-clause bool.filter,30,,
61,simple,any 6-clause bool.filter,30,,
62,simple,any 7-clause bool.filter,30,,
63,simple,any 8-clause bool.filter,30,,
64,simple,any 9-clause bool.filter,30,,
65,simple,any 10-clause bool.filter,30,,
66,simple,any 11-clause bool.filter,30,,
67,simple,any 12-clause bool.filter,29,,
68,simple,any 13-clause bool.filter,29,,
69,simple,any 14-clause bool.filter,29,,
70,simple,any 15-clause bool.filter,29,,
71,simple,any 16-clause bool.filter,28,,
72,simple,any 17-clause bool.filter,29,,
73,simple,any 18-clause bool.filter,29,,
74,simple,any 19-clause bool.filter,28,,
75,simple,any 20-clause bool.filter,28,,
76,simple,mixed term & terms in filter,22,,
77,simple,"mixed term, terms & ids",23,,
78,simple,"mixed term, term, terms",0,,
79,simple,"mixed 2term, 2terms",26,,
80,simple,"mixed 2term, 3terms",30,,
81,simple,"mixed term, 4terms",29,,
82,simple,"mixed 3term, 2terms",29,,
83,simple,"mixed 4term, terms",27,,
84,simple,mixed various term/terms/ids up to 5 clauses,24,,
85,simple,single term in must_not,1,,
86,simple,multi terms in must_not,0,,
87,simple,term in should,0,,
88,simple,terms in should,1,,
89,simple,ids in should,0,,
90,simple,combination in must + should,0,,
91,simple,combination in filter + must,0,,
92,simple,nested bool of term inside filter,0,,
93,simple,nested bool of terms inside must,0,,
94,simple,nested bool combining ids & term,0,,
95,simple,constant_score + term,27,,
96,simple,constant_score + terms,28,,
97,simple,constant_score + ids,13,,
98,simple,term + script-filter,30,,
99,simple,terms + script-filter,25,,
100,simple,ids + script-filter,0,,
101,simple,any simple clause inside function_score,0,,
102,medium,prefix,24,1737,
103,medium,range,16,,
104,medium,wildcard,26,,
105,medium,regexp,26,,
106,medium,term + prefix,20,,
107,medium,term + range,16,,
108,medium,term + wildcard,22,,
109,medium,term + regexp,22,,
110,medium,terms + prefix,24,,
111,medium,terms + range,16,,
112,medium,terms + wildcard,22,,
113,medium,terms + regexp,23,,
114,medium,ids + prefix,0,,
115,medium,ids + range,0,,
116,medium,ids + wildcard,0,,
117,medium,ids + regexp,0,,
118,medium,term + term + prefix,20,,
119,medium,term + term + range,13,,
120,medium,term + term + wildcard,19,,
121,medium,term + term + regexp,15,,
122,medium,term + terms + prefix,19,,
123,medium,term + terms + range,13,,
124,medium,term + terms + wildcard,17,,
125,medium,term + terms + regexp,18,,
126,medium,term + ids + prefix,23,,
127,medium,term + ids + range,15,,
128,medium,term + ids + wildcard,22,,
129,medium,term + ids + regexp,19,,
130,medium,terms + terms + prefix,19,,
131,medium,terms + terms + range,10,,
132,medium,terms + terms + wildcard,22,,
133,medium,terms + terms + regexp,18,,
134,medium,terms + ids + prefix,27,,
135,medium,terms + ids + range,12,,
136,medium,terms + ids + wildcard,27,,
137,medium,terms + ids + regexp,24,,
138,medium,ids + ids + prefix,25,,
139,medium,ids + ids + range,22,,
140,medium,ids + ids + wildcard,26,,
141,medium,ids + ids + regexp,25,,
142,medium,term + term + term + prefix,19,,
143,medium,term + term + term + range,10,,
144,medium,term + term + term + wildcard,21,,
145,medium,term + term + term + regexp,18,,
146,medium,term + terms + terms + prefix,15,,
147,medium,term + terms + terms + range,11,,
148,medium,term + terms + terms + wildcard,14,,
149,medium,term + terms + terms + regexp,21,,
150,medium,term + ids + ids + prefix,21,,
151,medium,term + ids + ids + range,12,,
152,medium,term + ids + ids + wildcard,22,,
153,medium,term + ids + ids + regexp,26,,
154,medium,terms + terms + terms + prefix,11,,
155,medium,terms + terms + terms + range,12,,
156,medium,terms + terms + terms + wildcard,15,,
157,medium,terms + terms + terms + regexp,18,,
158,medium,terms + terms + ids + prefix,22,,
159,medium,terms + terms + ids + range,12,,
160,medium,terms + terms + ids + wildcard,21,,
161,medium,terms + terms + ids + regexp,20,,
162,medium,terms + ids + ids + prefix,25,,
163,medium,terms + ids + ids + range,17,,
164,medium,terms + ids + ids + wildcard,14,,
165,medium,terms + ids + ids + regexp,20,,
166,medium,ids + ids + ids + prefix,26,,
167,medium,ids + ids + ids + range,22,,
168,medium,ids + ids + ids + wildcard,29,,
169,medium,ids + ids + ids + regexp,27,,
170,medium,mixed 2 simple + 2 medium,0,,
171,medium,mixed 3 simple + 1 medium,0,,
172,medium,nested bool.filter of medium + simple,0,,
173,medium,nested bool.must (medium inside medium),0,,
174,medium,constant_score + prefix,27,,
175,medium,constant_score + range,16,,
176,medium,constant_score + wildcard,25,,
177,medium,constant_score + regexp,27,,
178,medium,function_score + prefix,29,,
179,medium,function_score + range,14,,
180,medium,function_score + wildcard,27,,
181,medium,function_score + regexp,27,,
182,medium,term + prefix inside should,21,,
183,medium,term + range inside should,15,,
184,medium,term + wildcard inside should,23,,
185,medium,term + regexp inside should,20,,
186,medium,terms + prefix in must_not,22,,
187,medium,terms + range in must_not,16,,
188,medium,ids + wildcard in must_not,24,,
189,medium,term + regexp in must_not,23,,
190,medium,multi-clause medium-only,0,,
191,medium,multi-clause mixed simple+medium,0,,
192,medium,multi_match + medium,0,,
193,medium,query_string + medium,0,,
194,medium,match_phrase + medium,0,,
195,medium,match + prefix in filter,26,,
196,medium,match + range in filter,17,,
197,medium,match + wildcard in filter,26,,
198,medium,match + regexp in filter,28,,
199,medium,nested bool combining medium & medium,0,,
200,medium,prefix + range inside must,16,,
201,medium,wildcard + regexp inside must,19,,
202,hard,match,30,2779,
203,hard,multi_match,30,,
204,hard,query_string,0,,
205,hard,match_phrase,30,,
206,hard,geo_distance,0,,
207,hard,geo_polygon,0,,
208,hard,term + match,30,,
209,hard,terms + match,30,,
210,hard,ids + match,0,,
211,hard,prefix + match,30,,
212,hard,range + match,30,,
213,hard,wildcard + match,30,,
214,hard,regexp + match,30,,
215,hard,term + multi_match,30,,
216,hard,terms + multi_match,30,,
217,hard,ids + multi_match,30,,
218,hard,term + query_string,30,,
219,hard,terms + query_string,30,,
220,hard,ids + query_string,0,,
221,hard,match + prefix + range,30,,
222,hard,match + wildcard + regexp,30,,
223,hard,multi_match + prefix + wildcard,30,,
224,hard,query_string + range + regexp,30,,
225,hard,geo_distance + term,0,,
226,hard,geo_polygon + terms,0,,
227,hard,match + sort,30,,
228,hard,multi_match + sort,30,,
229,hard,query_string + sort,30,,
230,hard,match + aggs.terms,29,,
231,hard,multi_match + aggs.date_histogram,30,,
232,hard,query_string + aggs.stats,0,,
233,hard,match + sort + aggs.terms,30,,
234,hard,multi_match + prefix + sort,30,,
235,hard,query_string + range + aggs.histogram,30,,
236,hard,match_phrase + wildcard + sort,30,,
237,hard,match + nested bool of term inside must,30,,
238,hard,match + nested bool of medium inside filter,30,,
239,hard,multi_match + function_score + range,30,,
240,hard,query_string + function_score + prefix,30,,
241,hard,geo_distance + sort,30,,
242,hard,geo_polygon + aggs.terms,30,,
243,hard,match + prefix + terms,30,,
244,hard,match + range + terms,30,,
245,hard,match + wildcard + terms,30,,
246,hard,multi_match + prefix + term,30,,
247,hard,query_string + range + term,30,,
248,hard,match + regexp + term,30,,
249,hard,term + aggs + sort,30,,
250,hard,terms + aggs + sort,30,,
251,hard,match + nested aggs (composite + terms),30,,
252,hard,multi_match + aggs.terms + sort,30,,
253,hard,query_string + aggs.histogram + sort,30,,
254,hard,geo_distance + function_score + sort,30,,
255,hard,match + aggs.cardinality,30,,
256,hard,match + aggs.percentiles,30,,
257,hard,multi_match + aggs.stats + range,30,,
258,hard,query_string + aggs.top_metrics + prefix,30,,
259,hard,match_phrase + aggs + term,30,,
260,hard,match + aggs.date_histogram + range,30,,
261,hard,multi_match + aggs.histogram + prefix,30,,
262,hard,query_string + wildcard + aggs,30,,
263,hard,match + regexp + aggs,30,,
264,hard,match + nested bool of match + term,30,,
265,hard,multi_match + nested bool of prefix + terms,30,,
266,hard,query_string + nested bool of range + ids,30,,
267,hard,match + function_score + aggs,30,,
268,hard,multi_match + function_score + sort,30,,
269,hard,query_string + function_score + range,30,,
270,hard,geo_distance + function_score + prefix,30,,
271,hard,match + sort + nested bool of simple filters,30,,
272,hard,multi_match + prefix + nested bool,30,,
273,hard,query_string + regexp + nested bool,30,,
274,hard,match + aggs + nested bool,30,,
275,hard,multi_match + range + nested bool,30,,
276,hard,query_string + prefix + nested bool,30,,
277,hard,match + sort + function_score,30,,
278,hard,multi_match + aggs + function_score,30,,
279,hard,query_string + nested aggs + sort,30,,
280,hard,geo_distance + nested aggs + sort,30,,
281,hard,match + prefix + function_score,30,,
282,hard,match + regex + function_score,30,,
283,hard,multi_match + wildcard + function_score,30,,
284,hard,query_string + range + function_score,30,,
285,hard,match_phrase + prefix + aggs,30,,
286,hard,match_phrase + range + aggs,30,,
287,hard,match_phrase + wildcard + aggs,30,,
288,hard,match_phrase + regexp + aggs,30,,
289,hard,multi_match + prefix + sort + aggs,30,,
290,hard,query_string + range + sort + aggs,30,,
291,hard,match + prefix + histogram aggs,30,,
292,hard,multi_match + range + top_metrics aggs,30,,
293,hard,query_string + wildcard + stats aggs,30,,
294,hard,match + regex + date_histogram,30,,
295,hard,multi_match + geo_distance + sort,30,,
296,hard,query_string + geo_polygon + aggs,30,,
297,hard,match + nested bool + function_score + aggs,30,,
298,hard,multi_match + nested bool + aggs + sort,30,,
299,hard,query_string + nested bool + sort + function_score,30,,
300,hard,geo_distance + nested bool + funkscore + sort,30,,
301,hard,match + multi_match + query_string,30,,
